TEAM_NAME,GP,W,L,W_PCT,FGM,FGA,FG_PCT,FG3M,FG3A,FG3_PCT,FTM,FTA,FT_PCT,REB,AST,TOV,STL,BLK,PTS,PLUS_MINUS,SEASON,TOP3_PTS,TOP3_STL,TOP3_BLK,TOP3_FG_PCT,OFF_RATING,DEF_RATING,NET_RATING,PACE,made_playoffs,FG3A_RATE,won_championship
Atlanta Hawks,82,60,22,0.732,3121,6699,0.466,818,2152,0.38,1349,1735,0.778,3326,2111,1167.0,744,380,8409,445.0,2014-15,1095.0,83.33333333333333,69.66666666666667,0.5003333333333333,108.2,102.3,5.9,94.66,1,0.3212419764143902,0
Boston Celtics,82,40,42,0.488,3193,7211,0.443,660,2021,0.327,1266,1678,0.754,3595,2009,1133.0,674,294,8312,13.0,2014-15,905.3333333333334,68.66666666666667,22.0,0.4536666666666666,103.8,103.5,0.3,96.71,1,0.2802662598807378,0
Brooklyn Nets,82,38,44,0.463,3069,6804,0.451,541,1633,0.331,1359,1817,0.748,3473,1716,1133.0,576,340,8038,-236.0,2014-15,1060.6666666666667,86.0,17.333333333333332,0.4466666666666667,103.4,106.3,-3.0,93.69,1,0.2400058788947678,0
Charlotte Hornets,82,33,49,0.402,2913,6932,0.42,498,1566,0.318,1397,1867,0.748,3613,1654,976.0,499,448,7721,-260.0,2014-15,873.6666666666666,69.66666666666667,29.666666666666668,0.4153333333333333,99.6,103.0,-3.4,93.45,0,0.2259088286208886,0
Chicago Bulls,82,50,32,0.61,3001,6797,0.442,645,1825,0.353,1618,2067,0.783,3751,1781,1145.0,514,476,8265,246.0,2014-15,1077.3333333333333,62.333333333333336,85.66666666666667,0.467,106.3,103.3,3.0,93.8,1,0.2685008091805208,0
Cleveland Cavaliers,82,53,29,0.646,3089,6739,0.458,826,2253,0.367,1453,1934,0.751,3523,1814,1171.0,603,340,8457,367.0,2014-15,1533.0,91.33333333333331,36.0,0.4633333333333334,110.1,105.3,4.8,93.23,1,0.334322599792254,0
Dallas Mavericks,82,50,32,0.61,3255,7036,0.463,732,2082,0.352,1386,1843,0.752,3466,1846,1062.0,663,371,8628,238.0,2014-15,1205.6666666666667,76.33333333333333,49.666666666666664,0.5233333333333333,108.2,104.9,3.2,96.4,1,0.2959067652075042,0
Denver Nuggets,82,30,52,0.366,3099,7158,0.433,660,2032,0.325,1462,1991,0.734,3665,1788,1166.0,641,367,8320,-291.0,2014-15,1058.0,70.66666666666667,31.666666666666668,0.4573333333333333,103.9,107.1,-3.3,96.87,0,0.2838781782620844,0
Detroit Pistons,82,32,50,0.39,3041,7038,0.432,703,2043,0.344,1292,1838,0.703,3681,1771,1099.0,623,383,8077,-82.0,2014-15,1096.6666666666667,76.0,60.0,0.4496666666666666,104.3,105.4,-1.1,93.68,0,0.2902813299232736,0
Golden State Warriors,82,67,15,0.817,3410,7137,0.478,883,2217,0.398,1313,1709,0.768,3667,2248,1185.0,762,496,9016,828.0,2014-15,1496.3333333333333,124.33333333333331,58.333333333333336,0.4643333333333333,110.4,100.4,9.9,99.28,1,0.310634720470786,1
Houston Rockets,82,56,26,0.683,3032,6832,0.444,933,2680,0.348,1525,2133,0.715,3582,1820,1366.0,777,407,8522,282.0,2014-15,1430.6666666666667,131.0,64.33333333333333,0.4203333333333334,106.0,102.6,3.4,97.36,1,0.392271662763466,0
Indiana Pacers,82,38,44,0.463,2998,6824,0.439,612,1740,0.352,1373,1817,0.756,3678,1757,1147.0,505,375,7981,23.0,2014-15,766.6666666666666,44.0,63.666666666666664,0.4376666666666666,102.9,102.7,0.2,93.67,0,0.2549824150058616,0
Los Angeles Clippers,82,56,26,0.683,3228,6830,0.473,827,2202,0.376,1468,2067,0.71,3495,2031,1012.0,640,409,8751,540.0,2014-15,1262.3333333333333,92.0,68.66666666666667,0.5573333333333333,111.6,104.7,6.9,95.4,1,0.3224011713030746,0
Los Angeles Lakers,82,21,61,0.256,3054,7020,0.435,532,1546,0.344,1433,1935,0.741,3599,1715,1086.0,578,366,8073,-561.0,2014-15,808.6666666666666,58.333333333333336,43.0,0.4323333333333333,102.3,109.4,-7.1,95.03,0,0.2202279202279202,0
Memphis Grizzlies,82,55,27,0.671,3097,6763,0.458,423,1246,0.339,1445,1869,0.773,3490,1777,1094.0,700,347,8062,266.0,2014-15,1119.3333333333333,66.0,59.0,0.4573333333333333,104.8,101.2,3.5,92.82,1,0.1842377643057814,0
Miami Heat,82,37,45,0.451,2885,6330,0.456,556,1659,0.335,1438,1940,0.741,3208,1626,1214.0,642,372,7764,-213.0,2014-15,1031.6666666666667,88.33333333333333,15.666666666666666,0.4576666666666666,103.2,106.1,-3.0,91.49,0,0.262085308056872,0
Milwaukee Bucks,82,41,41,0.5,3083,6722,0.459,545,1500,0.363,1312,1734,0.757,3450,1932,1373.0,789,403,8023,35.0,2014-15,1017.0,102.0,42.0,0.4513333333333333,102.0,101.4,0.6,94.82,1,0.2231478726569473,0
Minnesota Timberwolves,82,16,66,0.195,2986,6820,0.438,406,1223,0.332,1638,2110,0.776,3355,1771,1231.0,668,327,8016,-721.0,2014-15,958.3333333333334,70.33333333333333,62.0,0.455,101.8,110.9,-9.1,95.45,0,0.1793255131964809,0
New Orleans Pelicans,82,45,37,0.549,3108,6795,0.457,586,1583,0.37,1345,1790,0.751,3563,1806,1087.0,553,510,8147,65.0,2014-15,1262.3333333333333,83.33333333333333,83.66666666666667,0.4643333333333333,107.1,106.3,0.8,92.29,1,0.2329654157468727,0
New York Knicks,82,17,65,0.207,2882,6726,0.428,560,1614,0.347,1211,1575,0.769,3310,1746,1206.0,575,382,7535,-764.0,2014-15,643.3333333333334,48.333333333333336,22.333333333333332,0.4186666666666667,98.9,109.0,-10.1,92.06,0,0.239964317573595,0
Oklahoma City Thunder,82,45,37,0.549,3184,7119,0.447,632,1864,0.339,1524,2020,0.754,3896,1681,1205.0,598,454,8524,179.0,2014-15,1329.6666666666667,88.66666666666667,21.333333333333332,0.447,106.7,104.6,2.1,96.61,0,0.261834527321253,0
Orlando Magic,82,25,57,0.305,3076,6792,0.453,554,1598,0.347,1141,1565,0.729,3429,1692,1221.0,647,314,7847,-469.0,2014-15,1150.3333333333333,105.33333333333331,31.0,0.4613333333333333,101.0,106.8,-5.9,94.51,0,0.2352767962308598,0
Philadelphia 76ers,82,18,64,0.22,2765,6777,0.408,692,2160,0.32,1320,1953,0.676,3514,1683,1453.0,789,487,7542,-736.0,2014-15,782.3333333333334,103.66666666666669,64.66666666666667,0.4176666666666667,94.9,103.9,-9.0,96.45,0,0.3187250996015936,0
Phoenix Suns,82,39,43,0.476,3178,7038,0.452,698,2048,0.341,1343,1767,0.76,3539,1659,1238.0,700,385,8397,-74.0,2014-15,1116.0,111.66666666666669,35.666666666666664,0.45,104.2,105.3,-1.1,97.2,0,0.2909917590224495,0
Portland Trail Blazers,82,51,31,0.622,3175,7049,0.45,807,2231,0.362,1272,1589,0.801,3760,1799,1117.0,525,372,8429,347.0,2014-15,1472.0,62.0,32.0,0.4413333333333333,107.1,102.8,4.3,95.06,1,0.3164987941551993,0
Sacramento Kings,82,29,53,0.354,3010,6617,0.455,461,1350,0.341,1829,2400,0.762,3623,1667,1333.0,550,324,8310,-304.0,2014-15,1283.0,79.33333333333333,54.333333333333336,0.453,104.5,108.2,-3.7,96.16,0,0.2040199486171981,0
San Antonio Spurs,82,55,27,0.671,3208,6854,0.468,677,1847,0.367,1368,1754,0.78,3578,2000,1146.0,657,444,8461,508.0,2014-15,1024.3333333333333,104.0,95.33333333333331,0.4756666666666667,107.6,101.4,6.3,94.45,1,0.2694776772687481,0
Toronto Raptors,82,49,33,0.598,3108,6829,0.455,726,2060,0.352,1585,2014,0.787,3407,1701,1057.0,615,357,8527,252.0,2014-15,1032.0,80.66666666666667,22.666666666666668,0.4246666666666667,110.2,107.1,3.1,93.46,1,0.3016547078635232,0
Utah Jazz,82,38,44,0.463,2900,6492,0.447,610,1781,0.343,1391,1929,0.721,3605,1632,1256.0,623,489,7801,18.0,2014-15,1207.6666666666667,77.66666666666667,56.0,0.446,104.2,104.1,0.1,91.1,0,0.2743376463339494,0
Washington Wizards,82,46,36,0.561,3139,6790,0.462,497,1381,0.36,1305,1758,0.742,3663,1969,1233.0,601,378,8080,59.0,2014-15,1116.6666666666667,87.66666666666667,57.666666666666664,0.4793333333333333,103.0,102.4,0.6,94.29,1,0.2033873343151693,0
Atlanta Hawks,82,48,34,0.585,3168,6923,0.458,815,2326,0.35,1282,1638,0.783,3451,2100,1226.0,747,486,8433,296.0,2015-16,1124.3333333333333,91.66666666666669,98.33333333333331,0.4696666666666667,104.6,100.8,3.9,97.63,1,0.3359815109056767,0
Boston Celtics,82,48,34,0.585,3216,7318,0.439,717,2142,0.335,1520,1929,0.788,3683,1981,1127.0,752,348,8669,263.0,2015-16,1338.6666666666667,111.33333333333331,21.0,0.4393333333333333,105.8,102.5,3.3,99.43,1,0.2927029242962558,0
Brooklyn Nets,82,21,61,0.256,3136,6920,0.453,531,1508,0.352,1286,1699,0.757,3477,1829,1212.0,627,332,8089,-603.0,2015-16,1163.3333333333333,66.33333333333333,55.333333333333336,0.486,102.4,109.7,-7.4,96.12,0,0.2179190751445086,0
Charlotte Hornets,82,48,34,0.585,3036,6922,0.439,873,2410,0.362,1534,1941,0.79,3603,1778,1029.0,595,438,8479,223.0,2015-16,1227.6666666666667,83.0,53.0,0.435,106.4,103.7,2.7,96.24,1,0.3481652701531349,0
Chicago Bulls,82,42,40,0.512,3165,7170,0.441,651,1753,0.371,1354,1720,0.787,3796,1870,1141.0,495,470,8335,-121.0,2015-16,1222.0,65.33333333333333,67.66666666666667,0.45,104.1,105.5,-1.4,96.6,0,0.2444909344490934,0
Cleveland Cavaliers,82,57,25,0.695,3171,6888,0.46,880,2428,0.362,1333,1783,0.748,3650,1861,1114.0,551,317,8555,492.0,2015-16,1369.6666666666667,81.0,37.0,0.4513333333333333,110.2,103.9,6.3,93.82,1,0.3524970963995354,1
Dallas Mavericks,82,42,40,0.512,3064,6900,0.444,806,2342,0.344,1454,1831,0.794,3532,1813,1047.0,560,306,8388,-25.0,2015-16,1037.3333333333333,66.0,28.0,0.414,105.5,105.9,-0.4,95.34,1,0.3394202898550724,0
Denver Nuggets,82,33,49,0.402,3093,7003,0.442,656,1943,0.338,1513,1974,0.766,3659,1858,1202.0,609,395,8355,-254.0,2015-16,994.0,77.66666666666667,30.666666666666668,0.4216666666666666,104.9,108.2,-3.3,96.34,0,0.2774525203484221,0
Detroit Pistons,82,44,38,0.537,3111,7087,0.439,740,2148,0.345,1399,2095,0.668,3798,1594,1110.0,573,304,8361,50.0,2015-16,1183.3333333333333,98.66666666666669,50.666666666666664,0.4583333333333333,105.3,104.9,0.3,95.75,1,0.3030901650910117,0
Golden State Warriors,82,73,9,0.89,3489,7159,0.487,1077,2592,0.416,1366,1790,0.763,3788,2373,1245.0,689,498,9421,882.0,2015-16,1759.0,116.0,59.0,0.488,113.5,102.8,10.6,100.24,1,0.3620617404665456,0
Houston Rockets,82,41,41,0.5,3094,6847,0.452,878,2533,0.347,1671,2407,0.694,3531,1821,1307.0,821,430,8737,16.0,2015-16,1459.0,122.66666666666669,63.333333333333336,0.4916666666666667,107.3,107.3,0.0,98.42,1,0.3699430407477727,0
Indiana Pacers,82,45,37,0.549,3142,6985,0.45,663,1889,0.351,1430,1872,0.764,3626,1741,1219.0,742,391,8377,140.0,2015-16,1296.3333333333333,128.33333333333334,27.666666666666668,0.4286666666666667,103.8,102.2,1.6,97.35,1,0.270436649964209,0
LA Clippers,82,53,29,0.646,3141,6759,0.465,797,2190,0.364,1490,2152,0.692,3448,1873,1063.0,709,460,8569,351.0,2015-16,1121.6666666666667,87.0,76.66666666666667,0.5316666666666666,107.2,102.7,4.5,96.81,1,0.3240124278739458,0
Los Angeles Lakers,82,17,65,0.207,2880,6956,0.414,639,2016,0.317,1583,2028,0.781,3523,1478,1124.0,593,337,7982,-784.0,2015-16,1066.0,78.0,16.333333333333332,0.424,100.7,110.3,-9.7,96.55,0,0.2898217366302473,0
Memphis Grizzlies,82,42,40,0.512,3019,6859,0.44,504,1521,0.331,1584,2024,0.783,3413,1697,1090.0,724,350,8126,-184.0,2015-16,886.3333333333334,57.0,46.666666666666664,0.44,104.7,107.1,-2.4,93.95,1,0.2217524420469456,0
Miami Heat,82,48,34,0.585,3150,6697,0.47,498,1480,0.336,1406,1889,0.744,3618,1709,1155.0,553,531,8204,135.0,2015-16,973.6666666666666,68.66666666666667,16.666666666666668,0.457,105.5,103.7,1.7,94.14,1,0.2209944751381215,0
Milwaukee Bucks,82,33,49,0.402,3145,6740,0.467,440,1277,0.345,1392,1863,0.747,3417,1895,1247.0,672,475,8122,-343.0,2015-16,1284.6666666666667,98.0,53.666666666666664,0.481,103.4,107.8,-4.5,95.05,0,0.1894658753709198,0
Minnesota Timberwolves,82,29,53,0.354,3095,6668,0.464,455,1347,0.338,1753,2213,0.792,3408,1916,1231.0,656,375,8398,-290.0,2015-16,1314.6666666666667,99.33333333333331,64.66666666666667,0.4583333333333333,105.4,109.0,-3.5,96.2,0,0.2020095980803839,0
New Orleans Pelicans,82,30,52,0.366,3153,7040,0.448,702,1951,0.36,1415,1823,0.776,3494,1818,1102.0,633,342,8423,-311.0,2015-16,1029.6666666666667,52.666666666666664,61.0,0.457,104.8,108.4,-3.7,97.64,0,0.2771306818181818,0
New York Knicks,82,32,50,0.39,3022,6886,0.439,610,1762,0.346,1411,1753,0.805,3638,1682,1099.0,467,466,8065,-224.0,2015-16,1108.0,34.333333333333336,59.0,0.472,103.9,106.7,-2.8,94.12,0,0.2558814986930003,0
Oklahoma City Thunder,82,55,27,0.671,3372,7082,0.476,678,1945,0.349,1616,2067,0.782,3987,1883,1305.0,603,487,9038,597.0,2015-16,1630.0,90.0,84.33333333333333,0.4793333333333333,112.1,104.8,7.4,97.54,1,0.274639932222536,0
Orlando Magic,82,35,47,0.427,3242,7120,0.455,636,1818,0.35,1249,1649,0.757,3552,1933,1155.0,673,417,8369,-133.0,2015-16,1048.0,100.33333333333331,25.333333333333332,0.4453333333333333,104.4,106.0,-1.6,96.68,0,0.2553370786516853,0
Philadelphia 76ers,82,10,72,0.122,2970,6887,0.431,764,2255,0.339,1284,1850,0.694,3382,1765,1343.0,680,495,7988,-839.0,2015-16,826.3333333333334,59.333333333333336,58.333333333333336,0.409,98.4,108.6,-10.2,98.44,0,0.3274284884565123,0
Phoenix Suns,82,23,59,0.28,3051,7018,0.435,738,2118,0.348,1431,1905,0.751,3676,1701,1410.0,632,313,8271,-546.0,2015-16,906.0,70.33333333333333,20.0,0.4163333333333333,101.5,107.9,-6.5,99.39,0,0.3017953833000855,0
Portland Trail Blazers,82,44,38,0.537,3167,7040,0.45,864,2336,0.37,1424,1889,0.754,3730,1748,1200.0,562,380,8622,68.0,2015-16,1461.3333333333333,78.0,34.666666666666664,0.4276666666666666,107.6,106.8,0.8,97.06,1,0.3318181818181818,0
Sacramento Kings,82,33,49,0.402,3283,7083,0.464,660,1839,0.359,1514,2089,0.725,3628,2009,1326.0,733,368,8740,-203.0,2015-16,1270.3333333333333,114.0,51.0,0.456,105.3,107.6,-2.3,100.66,0,0.2596357475645913,0
San Antonio Spurs,82,67,15,0.817,3289,6797,0.484,570,1518,0.375,1342,1672,0.803,3601,2010,1071.0,677,485,8490,872.0,2015-16,1142.0,81.66666666666667,72.0,0.465,109.3,98.2,11.1,94.54,1,0.2233338237457701,0
Toronto Raptors,82,56,26,0.683,3006,6669,0.451,708,1915,0.37,1702,2190,0.777,3560,1536,1073.0,636,449,8422,369.0,2015-16,1380.3333333333333,100.66666666666669,25.0,0.4373333333333333,109.3,104.8,4.4,93.35,1,0.2871494976758135,0
Utah Jazz,82,40,42,0.488,2957,6593,0.449,694,1956,0.355,1402,1885,0.744,3545,1554,1224.0,631,425,8010,147.0,2015-16,1247.6666666666667,80.66666666666667,44.666666666666664,0.4559999999999999,105.0,103.2,1.8,91.66,0,0.296678295161535,0
Washington Wizards,82,41,41,0.5,3238,7033,0.46,709,1983,0.358,1349,1849,0.73,3431,2005,1186.0,708,323,8534,-41.0,2015-16,1138.0,99.0,62.333333333333336,0.488,104.5,105.1,-0.5,99.16,0,0.2819564908289492,0
Atlanta Hawks,82,43,39,0.524,3123,6918,0.451,729,2137,0.341,1484,2039,0.728,3635,1938,1294.0,672,397,8459,-70.0,2016-17,1220.6666666666667,76.0,56.666666666666664,0.5086666666666667,104.5,105.2,-0.7,97.76,1,0.3089043076033536,0
Boston Celtics,82,53,29,0.646,3168,6977,0.454,985,2741,0.359,1536,1903,0.807,3441,2069,1088.0,617,340,8857,216.0,2016-17,1344.3333333333333,89.33333333333333,23.333333333333332,0.4283333333333334,110.6,108.0,2.6,97.21,1,0.3928622617170704,0
Brooklyn Nets,82,20,62,0.244,3102,6987,0.444,877,2591,0.338,1592,2020,0.788,3600,1756,1356.0,593,387,8673,-552.0,2016-17,974.3333333333334,65.0,65.33333333333333,0.4746666666666666,103.6,110.1,-6.5,101.75,0,0.3708315442965507,0
Charlotte Hornets,82,36,46,0.439,3093,7000,0.442,824,2347,0.351,1591,1953,0.815,3574,1891,942.0,571,390,8601,16.0,2016-17,1245.6666666666667,84.0,42.666666666666664,0.4413333333333333,108.4,108.4,0.0,95.92,0,0.3352857142857143,0
Chicago Bulls,82,41,41,0.5,3169,7141,0.444,623,1831,0.34,1474,1848,0.798,3796,1851,1112.0,643,393,8435,35.0,2016-17,1064.3333333333333,86.66666666666667,53.333333333333336,0.4519999999999999,106.5,106.2,0.3,96.02,1,0.2564066657330906,0
Cleveland Cavaliers,82,51,31,0.622,3275,6963,0.47,1067,2779,0.384,1431,1913,0.748,3587,1858,1121.0,539,327,9048,261.0,2016-17,1466.6666666666667,71.33333333333333,50.666666666666664,0.5403333333333333,112.8,109.7,3.1,96.74,1,0.3991095792043659,0
Dallas Mavericks,82,33,49,0.402,2968,6750,0.44,878,2473,0.355,1215,1516,0.801,3163,1705,972.0,614,307,8029,-240.0,2016-17,1134.0,73.66666666666667,12.333333333333334,0.4473333333333333,104.7,107.7,-3.0,93.11,0,0.3663703703703703,0
Denver Nuggets,82,40,42,0.488,3377,7194,0.469,870,2365,0.368,1537,1986,0.774,3803,2077,1226.0,568,323,9161,42.0,2016-17,1034.6666666666667,53.333333333333336,45.666666666666664,0.4813333333333334,112.2,111.7,0.4,99.18,0,0.3287461773700306,0
Detroit Pistons,82,37,45,0.451,3269,7282,0.449,631,1915,0.33,1140,1586,0.719,3746,1732,973.0,574,310,8309,-92.0,2016-17,1157.6666666666667,67.0,25.333333333333332,0.4326666666666667,105.3,106.7,-1.4,95.52,0,0.2629772040648173,0
Golden State Warriors,82,67,15,0.817,3532,7140,0.495,982,2562,0.383,1457,1850,0.788,3643,2491,1211.0,785,555,9503,954.0,2016-17,1505.6666666666667,120.66666666666669,54.333333333333336,0.4513333333333333,114.8,103.4,11.4,100.37,1,0.3588235294117647,1
Houston Rockets,82,55,27,0.671,3305,7152,0.462,1181,3306,0.357,1667,2177,0.766,3638,2070,1240.0,670,352,9458,473.0,2016-17,1503.0,105.33333333333331,33.0,0.4183333333333333,114.1,108.4,5.7,100.55,1,0.462248322147651,0
Indiana Pacers,82,42,40,0.512,3221,6931,0.465,709,1885,0.376,1467,1811,0.81,3444,1844,1130.0,669,409,8618,-18.0,2016-17,1400.6666666666667,97.66666666666669,77.0,0.4713333333333334,107.9,108.1,-0.2,96.59,1,0.2719665271966527,0
LA Clippers,82,51,31,0.622,3242,6820,0.475,841,2245,0.375,1586,2128,0.745,3528,1848,1062.0,612,347,8911,352.0,2016-17,1070.0,55.333333333333336,53.666666666666664,0.524,111.8,107.5,4.4,96.77,1,0.3291788856304985,0
Los Angeles Lakers,82,26,56,0.317,3224,7164,0.45,730,2110,0.346,1397,1853,0.754,3569,1716,1243.0,674,320,8575,-564.0,2016-17,973.3333333333334,62.333333333333336,27.0,0.445,105.3,112.0,-6.7,99.26,0,0.2945281965382468,0
Memphis Grizzlies,82,43,39,0.524,2984,6854,0.435,767,2169,0.354,1504,1918,0.784,3507,1744,1059.0,653,344,8239,40.0,2016-17,1183.3333333333333,68.66666666666667,50.666666666666664,0.473,107.0,106.5,0.5,92.84,1,0.3164575430405602,0
Miami Heat,82,41,41,0.5,3202,7037,0.455,808,2213,0.365,1248,1768,0.706,3577,1742,1102.0,588,469,8460,87.0,2016-17,1264.6666666666667,76.66666666666667,72.66666666666667,0.4883333333333333,107.4,106.4,1.0,95.51,0,0.314480602529487,0
Milwaukee Bucks,82,42,40,0.512,3182,6715,0.474,720,1946,0.37,1413,1839,0.768,3312,1984,1145.0,666,436,8497,-15.0,2016-17,1030.6666666666667,79.66666666666667,55.0,0.4553333333333333,108.5,108.7,-0.2,94.99,1,0.2897989575577066,0
Minnesota Timberwolves,82,31,51,0.378,3235,6922,0.467,601,1723,0.349,1586,1986,0.799,3478,1940,1150.0,654,370,8657,-91.0,2016-17,1603.3333333333333,75.33333333333333,76.0,0.4986666666666666,110.0,110.9,-0.9,95.48,0,0.2489164981219301,0
New Orleans Pelicans,82,34,48,0.415,3210,7130,0.45,768,2196,0.35,1368,1825,0.75,3582,1869,1054.0,638,453,8556,-172.0,2016-17,1534.6666666666667,88.66666666666667,97.33333333333331,0.4466666666666667,104.7,106.8,-2.1,98.56,0,0.3079943899018232,0
New York Knicks,82,31,51,0.378,3244,7256,0.447,704,2022,0.348,1364,1731,0.788,3706,1786,1139.0,581,455,8556,-301.0,2016-17,1230.0,62.666666666666664,62.333333333333336,0.4463333333333333,107.1,110.7,-3.6,96.63,0,0.2786659316427783,0
Oklahoma City Thunder,82,47,35,0.573,3237,7169,0.452,692,2116,0.327,1575,2113,0.745,3823,1721,1230.0,648,408,8741,62.0,2016-17,1328.3333333333333,105.0,62.666666666666664,0.4866666666666666,107.9,107.1,0.8,98.18,1,0.2951597154414841,0
Orlando Magic,82,29,53,0.354,3139,7133,0.44,701,2139,0.328,1309,1753,0.747,3541,1820,1091.0,580,396,8288,-539.0,2016-17,1077.3333333333333,73.0,28.0,0.4546666666666666,103.7,110.3,-6.5,96.9,0,0.299873825879714,0
Philadelphia 76ers,82,28,54,0.341,3088,6992,0.442,831,2443,0.34,1393,1806,0.771,3513,1949,1366.0,692,420,8400,-467.0,2016-17,784.0,78.66666666666667,24.0,0.4226666666666667,102.7,108.2,-5.5,99.07,0,0.3493993135011441,0
Phoenix Suns,82,24,58,0.293,3270,7260,0.45,615,1854,0.332,1676,2159,0.776,3688,1604,1265.0,673,399,8831,-462.0,2016-17,1355.6666666666667,79.66666666666667,30.333333333333332,0.4506666666666666,106.1,111.3,-5.2,100.85,0,0.2553719008264463,0
Portland Trail Blazers,82,41,41,0.5,3243,7059,0.459,852,2272,0.375,1513,1940,0.78,3580,1733,1126.0,574,408,8851,-43.0,2016-17,1568.6666666666667,64.66666666666667,27.333333333333332,0.4639999999999999,109.4,110.0,-0.6,97.38,1,0.3218586202011616,0
Sacramento Kings,82,32,50,0.39,3105,6734,0.461,737,1960,0.376,1483,1913,0.775,3367,1844,1201.0,627,324,8430,-318.0,2016-17,815.6666666666666,59.666666666666664,8.0,0.4519999999999999,106.6,110.8,-4.2,95.42,0,0.2910602910602911,0
San Antonio Spurs,82,61,21,0.744,3222,6864,0.469,753,1927,0.391,1440,1806,0.797,3598,1954,1101.0,655,484,8637,590.0,2016-17,1209.3333333333333,83.0,66.66666666666667,0.4513333333333333,110.3,102.9,7.4,94.86,1,0.2807400932400932,0
Toronto Raptors,82,51,31,0.622,3211,6918,0.464,725,1996,0.363,1615,2028,0.796,3547,1517,1041.0,677,400,8762,345.0,2016-17,1512.3333333333333,69.0,52.0,0.4703333333333333,111.4,107.1,4.3,95.41,1,0.2885226944203527,0
Utah Jazz,82,51,31,0.622,3033,6515,0.466,791,2128,0.372,1401,1875,0.747,3545,1651,1118.0,550,410,8258,323.0,2016-17,1106.3333333333333,72.66666666666667,80.66666666666667,0.528,109.0,104.7,4.3,92.09,1,0.3266308518802763,0
Washington Wizards,82,49,33,0.598,3388,7137,0.475,756,2030,0.372,1421,1812,0.784,3514,1956,1162.0,693,336,8953,148.0,2016-17,1553.0,118.66666666666669,37.333333333333336,0.483,110.4,108.8,1.7,97.94,1,0.2844332352529073,0
Atlanta Hawks,82,24,58,0.293,3130,7015,0.446,917,2544,0.36,1298,1654,0.785,3436,1946,1274.0,638,348,8475,-447.0,2017-18,1098.3333333333333,85.66666666666667,31.0,0.4273333333333333,104.4,110.1,-5.7,98.76,0,0.3626514611546685,0
Boston Celtics,82,55,27,0.671,3141,6975,0.45,939,2492,0.377,1308,1697,0.771,3645,1842,1148.0,604,373,8529,294.0,2017-18,1018.6666666666666,65.33333333333333,54.0,0.4763333333333333,106.8,103.2,3.6,96.75,1,0.3572759856630824,0
Brooklyn Nets,82,28,54,0.341,3136,7114,0.441,1041,2924,0.356,1428,1850,0.772,3644,1941,1245.0,512,390,8741,-307.0,2017-18,993.3333333333334,58.0,29.333333333333332,0.4026666666666667,106.1,109.7,-3.6,99.66,0,0.4110205229125667,0
Charlotte Hornets,82,36,46,0.439,3197,7106,0.45,824,2233,0.369,1656,2216,0.747,3728,1770,1041.0,559,373,8874,21.0,2017-18,1287.0,65.0,64.33333333333333,0.4813333333333334,109.0,109.0,-0.1,98.66,0,0.3142414860681115,0
Chicago Bulls,82,27,55,0.329,3170,7285,0.435,906,2549,0.355,1194,1574,0.759,3662,1923,1147.0,626,289,8440,-577.0,2017-18,897.3333333333334,61.333333333333336,27.333333333333332,0.4073333333333333,103.4,110.5,-7.0,98.65,0,0.3498970487302676,0
Cleveland Cavaliers,82,50,32,0.61,3311,6950,0.476,981,2636,0.372,1488,1909,0.779,3455,1916,1126.0,582,312,9091,77.0,2017-18,1345.6666666666667,80.66666666666667,29.333333333333332,0.4653333333333334,112.0,111.1,1.0,98.72,1,0.3792805755395683,0
Dallas Mavericks,82,24,58,0.293,3128,7042,0.444,967,2688,0.36,1167,1530,0.763,3383,1858,1007.0,578,310,8390,-249.0,2017-18,1030.6666666666667,63.0,13.0,0.4256666666666667,105.4,108.4,-2.9,96.53,0,0.3817097415506958,0
Denver Nuggets,82,46,36,0.561,3338,7102,0.47,940,2536,0.371,1404,1830,0.767,3650,2059,1226.0,627,404,9020,121.0,2017-18,1335.0,83.66666666666667,47.0,0.4673333333333334,111.4,110.0,1.4,97.69,0,0.3570825119684596,0
Detroit Pistons,82,39,43,0.476,3208,7129,0.45,886,2373,0.373,1207,1621,0.745,3586,1868,1102.0,628,317,8509,-12.0,2017-18,1102.3333333333333,72.66666666666667,55.0,0.4843333333333333,106.6,106.7,-0.1,96.75,0,0.3328657595735727,0
Golden State Warriors,82,58,24,0.707,3509,6979,0.503,926,2369,0.391,1360,1668,0.815,3568,2402,1265.0,656,612,9304,490.0,2017-18,1342.0,66.66666666666667,81.33333333333333,0.4863333333333333,112.8,106.8,5.9,100.35,1,0.3394469121650666,1
Houston Rockets,82,65,17,0.793,3174,6906,0.46,1256,3470,0.362,1609,2061,0.781,3564,1767,1135.0,699,392,9213,695.0,2017-18,1158.3333333333333,100.66666666666669,29.666666666666668,0.417,114.1,105.7,8.4,98.02,1,0.5024616275702288,0
Indiana Pacers,82,48,34,0.585,3345,7083,0.472,741,2010,0.369,1225,1573,0.779,3472,1819,1088.0,721,340,8656,113.0,2017-18,1277.0,122.33333333333331,33.666666666666664,0.4793333333333333,108.5,107.3,1.3,96.84,1,0.2837780601440067,0
LA Clippers,82,42,40,0.512,3302,7004,0.471,777,2196,0.354,1556,2095,0.743,3598,1832,1204.0,628,372,8937,3.0,2017-18,1398.3333333333333,65.0,41.333333333333336,0.5133333333333333,109.4,109.2,0.2,99.54,0,0.3135351227869788,0
Los Angeles Lakers,82,35,47,0.427,3338,7248,0.461,822,2384,0.345,1364,1910,0.714,3803,1949,1295.0,633,388,8862,-127.0,2017-18,1185.6666666666667,66.0,31.666666666666668,0.478,106.0,107.3,-1.3,100.9,0,0.3289183222958057,0
Memphis Grizzlies,82,22,60,0.268,3013,6788,0.444,758,2152,0.352,1361,1732,0.786,3323,1767,1227.0,613,396,8145,-509.0,2017-18,907.0,55.333333333333336,55.666666666666664,0.4353333333333333,103.6,110.4,-6.8,95.65,0,0.3170300530347672,0
Miami Heat,82,44,38,0.537,3184,6997,0.455,903,2506,0.36,1209,1601,0.755,3564,1862,1178.0,620,437,8480,39.0,2017-18,1061.3333333333333,81.33333333333333,40.333333333333336,0.4453333333333333,106.2,105.8,0.4,96.1,1,0.3581534943547234,0
Milwaukee Bucks,82,44,38,0.537,3257,6807,0.478,718,2024,0.355,1499,1915,0.783,3267,1905,1135.0,722,443,8731,-25.0,2017-18,1659.6666666666667,125.66666666666669,56.333333333333336,0.4893333333333333,109.0,109.1,-0.2,97.03,1,0.2973409725282797,0
Minnesota Timberwolves,82,47,35,0.573,3365,7063,0.476,658,1845,0.357,1592,1980,0.804,3441,1861,1021.0,689,345,8980,183.0,2017-18,1398.0,72.33333333333333,75.0,0.52,112.5,110.2,2.3,96.75,1,0.2612204445702959,0
New Orleans Pelicans,82,48,34,0.585,3500,7241,0.483,837,2312,0.362,1324,1716,0.772,3635,2195,1223.0,657,485,9161,107.0,2017-18,1556.3333333333333,105.66666666666669,89.66666666666667,0.512,108.5,107.4,1.1,101.48,1,0.3192929153431846,0
New York Knicks,82,29,53,0.354,3334,7193,0.464,673,1914,0.352,1225,1557,0.787,3611,1912,1208.0,552,421,8566,-292.0,2017-18,969.6666666666666,59.333333333333336,21.333333333333332,0.489,106.3,109.7,-3.4,97.64,0,0.2660920339218685,0
Oklahoma City Thunder,82,48,34,0.585,3271,7221,0.453,881,2491,0.354,1421,1985,0.716,3695,1750,1147.0,743,412,8844,280.0,2017-18,1674.3333333333333,118.33333333333331,36.0,0.4276666666666666,110.1,106.4,3.7,97.34,1,0.3449660711812768,0
Orlando Magic,82,25,57,0.305,3182,7042,0.452,844,2405,0.351,1271,1678,0.757,3414,1921,1192.0,622,400,8479,-395.0,2017-18,999.0,54.666666666666664,25.666666666666668,0.4526666666666667,104.7,109.4,-4.7,98.58,0,0.3415222948026128,0
Philadelphia 76ers,82,52,30,0.634,3349,7098,0.472,901,2445,0.369,1405,1868,0.752,3889,2221,1353.0,682,420,9004,369.0,2017-18,1143.0,109.33333333333331,54.0,0.4703333333333333,108.5,103.9,4.6,100.75,1,0.3444632290786137,0
Phoenix Suns,82,21,61,0.256,3153,7141,0.442,763,2286,0.334,1453,1962,0.741,3618,1743,1289.0,569,370,8522,-768.0,2017-18,938.0,55.666666666666664,43.0,0.4336666666666666,102.8,111.7,-9.0,101.14,0,0.3201232320403305,0
Portland Trail Blazers,82,49,33,0.598,3222,7132,0.452,845,2308,0.366,1372,1715,0.8,3728,1599,1109.0,573,423,8661,213.0,2017-18,1608.6666666666667,72.66666666666667,57.666666666666664,0.4623333333333333,108.4,105.7,2.7,97.11,1,0.3236118900729108,0
Sacramento Kings,82,27,55,0.329,3179,7063,0.45,738,1967,0.375,1008,1371,0.735,3354,1768,1125.0,643,340,8104,-573.0,2017-18,897.6666666666666,73.0,34.333333333333336,0.4533333333333333,103.1,110.4,-7.3,95.5,0,0.2784935579781962,0
San Antonio Spurs,82,47,35,0.573,3202,6999,0.457,696,1977,0.352,1324,1715,0.772,3626,1868,1078.0,628,460,8424,237.0,2017-18,1046.3333333333333,71.0,53.666666666666664,0.4826666666666666,107.1,104.1,3.0,95.7,1,0.2824689241320188,0
Toronto Raptors,82,59,23,0.72,3383,7169,0.472,968,2705,0.358,1422,1790,0.794,3607,1995,1095.0,626,500,9156,638.0,2017-18,1355.3333333333333,66.33333333333333,46.666666666666664,0.4553333333333333,113.0,105.3,7.7,98.02,1,0.3773190124145627,0
Utah Jazz,82,48,34,0.585,3139,6797,0.462,887,2425,0.366,1375,1766,0.779,3547,1839,1205.0,708,420,8540,353.0,2017-18,1188.0,109.66666666666669,19.333333333333332,0.4406666666666667,107.4,103.0,4.4,96.58,1,0.3567750478152126,0
Washington Wizards,82,43,39,0.524,3275,7018,0.467,814,2173,0.375,1378,1786,0.772,3536,2065,1196.0,645,353,8742,48.0,2017-18,1314.6666666666667,97.33333333333331,37.333333333333336,0.4553333333333333,108.1,107.7,0.4,97.67,1,0.3096323738956967,0
Atlanta Hawks,82,29,53,0.354,3392,7524,0.451,1067,3034,0.352,1443,1918,0.752,3780,2118,1397.0,675,419,9294,-494.0,2018-19,987.6666666666666,80.66666666666667,27.0,0.4276666666666666,107.5,113.1,-5.5,104.56,0,0.4032429558745348,0
Boston Celtics,82,49,33,0.598,3451,7423,0.465,1032,2829,0.365,1282,1598,0.802,3653,2155,1052.0,706,435,9216,364.0,2018-19,1182.3333333333333,110.0,39.666666666666664,0.453,111.3,107.0,4.3,100.43,1,0.3811127576451569,0
Brooklyn Nets,82,42,40,0.512,3301,7358,0.449,1047,2965,0.353,1555,2088,0.745,3819,1954,1236.0,539,339,9204,-6.0,2018-19,1208.6666666666667,60.333333333333336,52.333333333333336,0.508,108.9,109.0,-0.1,101.52,1,0.4029627616200054,0
Charlotte Hornets,82,39,43,0.476,3297,7362,0.448,977,2783,0.351,1510,1895,0.797,3592,1905,1001.0,591,405,9081,-90.0,2018-19,1336.3333333333333,87.0,36.333333333333336,0.4413333333333333,110.7,112.0,-1.3,99.18,0,0.3780222765552838,0
Chicago Bulls,82,22,60,0.268,3266,7205,0.453,745,2123,0.351,1328,1695,0.783,3517,1796,1159.0,603,351,8605,-690.0,2018-19,938.6666666666666,69.0,20.333333333333332,0.4596666666666666,104.5,112.8,-8.3,99.3,0,0.2946564885496183,0
Cleveland Cavaliers,82,19,63,0.232,3189,7184,0.444,847,2388,0.355,1342,1694,0.792,3498,1698,1106.0,534,195,8567,-788.0,2018-19,1242.0,53.666666666666664,10.0,0.435,106.8,116.8,-10.0,97.37,0,0.3324053452115812,0
Dallas Mavericks,82,33,49,0.402,3182,7122,0.447,1022,3002,0.34,1541,2076,0.742,3716,1918,1167.0,533,351,8927,-105.0,2018-19,1102.6666666666667,66.66666666666667,23.0,0.4173333333333333,108.7,110.1,-1.5,99.6,0,0.4215108115697837,0
Denver Nuggets,82,54,28,0.659,3439,7384,0.466,903,2571,0.351,1294,1714,0.755,3804,2245,1102.0,634,363,9075,324.0,2018-19,1274.0,82.66666666666667,28.666666666666668,0.4803333333333333,112.1,108.1,4.0,98.49,1,0.3481852654387866,0
Detroit Pistons,82,41,41,0.5,3185,7238,0.44,993,2854,0.348,1415,1893,0.747,3688,1845,1135.0,569,331,8778,-20.0,2018-19,1490.3333333333333,81.0,58.333333333333336,0.472,108.4,108.7,-0.3,97.88,1,0.3943078198397347,0
Golden State Warriors,82,57,25,0.695,3612,7361,0.491,1087,2824,0.385,1339,1672,0.801,3787,2413,1169.0,625,525,9650,530.0,2018-19,1862.6666666666667,78.0,52.0,0.4866666666666666,115.0,108.6,6.5,101.74,1,0.3836435266947425,0
Houston Rockets,82,53,29,0.646,3218,7163,0.449,1323,3721,0.356,1582,2001,0.791,3449,1741,1094.0,700,405,9341,391.0,2018-19,1511.0,111.33333333333331,66.33333333333333,0.4953333333333333,114.9,110.1,4.8,98.39,1,0.5194750802736283,0
Indiana Pacers,82,48,34,0.585,3390,7135,0.475,779,2081,0.374,1298,1727,0.752,3528,2128,1122.0,713,404,8857,273.0,2018-19,1110.3333333333333,100.66666666666669,15.333333333333334,0.497,109.4,106.0,3.4,98.64,1,0.2916608269096005,0
LA Clippers,82,48,34,0.585,3384,7178,0.471,821,2118,0.388,1853,2340,0.792,3732,1970,1193.0,561,385,9442,70.0,2018-19,948.6666666666666,78.0,66.0,0.4993333333333333,111.4,110.4,1.0,102.66,1,0.2950682641404291,0
Los Angeles Lakers,82,37,45,0.451,3491,7425,0.47,847,2541,0.333,1336,1910,0.699,3820,2096,1284.0,618,440,9165,-141.0,2018-19,1250.3333333333333,62.0,24.0,0.4653333333333333,107.4,108.9,-1.6,103.6,0,0.3422222222222222,0
Memphis Grizzlies,82,33,49,0.402,3113,6924,0.45,811,2368,0.342,1453,1882,0.772,3426,1963,1147.0,684,448,8490,-213.0,2018-19,986.6666666666666,85.33333333333333,24.666666666666668,0.4106666666666667,105.6,108.0,-2.4,97.15,0,0.341998844598498,0
Miami Heat,82,39,43,0.476,3251,7218,0.45,928,2658,0.349,1238,1782,0.695,3800,1991,1208.0,627,448,8668,-19.0,2018-19,922.6666666666666,74.0,39.333333333333336,0.4736666666666666,106.7,107.1,-0.4,98.73,0,0.3682460515378221,0
Milwaukee Bucks,82,60,22,0.732,3555,7471,0.476,1105,3134,0.353,1471,1904,0.773,4078,2136,1137.0,615,486,9686,727.0,2018-19,1470.0,74.33333333333333,98.66666666666669,0.4903333333333333,113.5,104.9,8.6,103.57,1,0.4194886895997858,0
Minnesota Timberwolves,82,36,46,0.439,3413,7483,0.456,827,2357,0.351,1570,1995,0.787,3673,2018,1074.0,683,411,9223,-123.0,2018-19,1353.0,60.666666666666664,60.666666666666664,0.4556666666666666,110.6,112.2,-1.6,100.88,0,0.3149806227448884,0
New Orleans Pelicans,82,33,49,0.402,3581,7563,0.473,842,2449,0.344,1462,1921,0.761,3878,2216,1215.0,610,441,9466,-109.0,2018-19,1479.0,83.0,78.0,0.5043333333333333,110.7,112.0,-1.3,103.89,0,0.3238133015998942,0
New York Knicks,82,17,65,0.207,3134,7241,0.433,823,2421,0.34,1484,1956,0.759,3668,1646,1151.0,557,422,8575,-755.0,2018-19,833.3333333333334,47.666666666666664,35.666666666666664,0.4753333333333333,104.0,112.9,-8.9,100.16,0,0.3343460847949178,0
Oklahoma City Thunder,82,49,33,0.598,3497,7706,0.454,932,2677,0.348,1461,2049,0.713,3942,1917,1145.0,766,425,9387,279.0,2018-19,1647.3333333333333,143.0,47.666666666666664,0.4869999999999999,109.8,106.5,3.4,103.38,1,0.3473916428756813,0
Orlando Magic,82,42,40,0.512,3316,7307,0.454,937,2633,0.356,1231,1575,0.782,3724,2095,1082.0,543,445,8800,58.0,2018-19,1379.0,69.66666666666667,52.333333333333336,0.4683333333333333,108.2,107.6,0.6,98.65,1,0.3603394005747913,0
Philadelphia 76ers,82,51,31,0.622,3407,7233,0.471,889,2474,0.359,1742,2258,0.771,3917,2207,1223.0,606,432,9445,221.0,2018-19,1451.0,65.0,38.333333333333336,0.4966666666666666,111.6,109.0,2.6,102.59,1,0.3420434121388082,0
Phoenix Suns,82,19,63,0.232,3289,7164,0.459,790,2400,0.329,1447,1858,0.779,3311,1957,1279.0,735,418,8815,-766.0,2018-19,1181.0,82.0,39.333333333333336,0.494,105.3,114.2,-8.9,101.15,0,0.3350083752093802,0
Portland Trail Blazers,82,53,29,0.646,3470,7427,0.467,904,2520,0.359,1558,1914,0.814,3935,1887,1135.0,546,413,9402,344.0,2018-19,1431.6666666666667,70.33333333333333,31.666666666666668,0.4453333333333333,113.7,109.5,4.2,99.96,1,0.3393025447690858,0
Sacramento Kings,82,39,43,0.476,3541,7637,0.464,927,2455,0.378,1354,1865,0.726,3725,2083,1095.0,679,363,9363,-92.0,2018-19,1453.0,80.33333333333333,30.333333333333332,0.4453333333333333,109.6,110.8,-1.2,103.88,0,0.3214613067958622,0
San Antonio Spurs,82,48,34,0.585,3468,7248,0.478,812,2071,0.392,1408,1720,0.819,3667,2013,992.0,501,386,9156,138.0,2018-19,1443.0,58.0,49.0,0.4853333333333333,112.2,110.6,1.6,98.88,1,0.2857339955849889,0
Toronto Raptors,82,58,24,0.707,3460,7305,0.474,1015,2771,0.366,1449,1803,0.804,3706,2085,1150.0,680,437,9384,499.0,2018-19,1082.0,76.66666666666667,63.666666666666664,0.4873333333333334,112.6,106.8,5.8,100.51,1,0.3793292265571526,1
Utah Jazz,82,50,32,0.61,3314,7082,0.468,993,2789,0.356,1540,2092,0.736,3801,2133,1240.0,663,483,9161,431.0,2018-19,1369.0,90.0,79.33333333333333,0.5163333333333333,110.3,105.3,5.0,100.84,1,0.3938153064106184,0
Washington Wizards,82,32,50,0.39,3456,7387,0.468,930,2731,0.341,1508,1963,0.768,3473,2154,1154.0,683,379,9350,-238.0,2018-19,1223.6666666666667,98.0,30.666666666666668,0.453,110.2,112.9,-2.7,102.23,0,0.3697035332340598,0
Atlanta Hawks,67,20,47,0.299,2723,6067,0.449,805,2416,0.333,1237,1566,0.79,2898,1605,1086.0,523,341,7488,-534.0,2019-20,1080.0,53.333333333333336,17.666666666666668,0.42,107.0,114.4,-7.4,103.28,0,0.3982198780286797,0
Boston Celtics,72,48,24,0.667,2971,6448,0.461,905,2487,0.364,1336,1668,0.801,3317,1655,995.0,595,406,8183,454.0,2019-20,1160.6666666666667,86.33333333333333,35.333333333333336,0.4353333333333333,112.8,106.5,6.3,99.92,1,0.3857009925558313,0
Brooklyn Nets,72,35,37,0.486,2908,6498,0.448,941,2746,0.343,1291,1732,0.745,3449,1761,1099.0,464,323,8048,-41.0,2019-20,1029.6666666666667,46.0,21.0,0.4256666666666666,108.7,109.2,-0.5,101.7,1,0.422591566635888,0
Charlotte Hornets,65,23,42,0.354,2425,5586,0.434,785,2231,0.352,1052,1406,0.748,2781,1549,949.0,428,268,6687,-439.0,2019-20,1040.6666666666667,54.333333333333336,24.333333333333332,0.4096666666666667,105.9,112.8,-7.0,96.24,0,0.399391335481561,0
Chicago Bulls,65,22,43,0.338,2573,5762,0.447,793,2282,0.348,1006,1332,0.755,2721,1510,1005.0,652,265,6945,-200.0,2019-20,1011.0,72.33333333333333,13.666666666666666,0.4246666666666667,105.8,108.9,-3.1,100.46,0,0.396043040610899,0
Cleveland Cavaliers,65,19,46,0.292,2619,5715,0.458,727,2070,0.351,983,1296,0.758,2876,1500,1073.0,447,211,6948,-513.0,2019-20,1025.6666666666667,76.0,38.666666666666664,0.4806666666666666,106.9,114.8,-7.9,99.17,0,0.3622047244094488,0
Dallas Mavericks,75,43,32,0.573,3124,6772,0.461,1136,3095,0.367,1392,1787,0.779,3520,1849,953.0,460,363,8776,371.0,2019-20,1186.0,49.333333333333336,19.333333333333332,0.4543333333333333,115.9,111.2,4.8,99.89,1,0.4570289427052569,0
Denver Nuggets,73,46,27,0.63,3069,6488,0.473,801,2234,0.359,1185,1526,0.777,3222,1952,1005.0,586,337,8124,154.0,2019-20,1140.3333333333333,71.0,30.0,0.478,112.6,110.4,2.2,97.64,1,0.344327990135635,0
Detroit Pistons,66,20,46,0.303,2595,5658,0.459,791,2157,0.367,1097,1476,0.743,2753,1589,1008.0,490,299,7078,-235.0,2019-20,556.0,47.666666666666664,18.333333333333332,0.441,108.8,112.3,-3.5,97.86,0,0.3812301166489926,0
Golden State Warriors,65,15,50,0.231,2510,5730,0.438,678,2032,0.334,1214,1511,0.803,2785,1663,969.0,534,299,6912,-566.0,2019-20,877.6666666666666,42.333333333333336,24.0,0.4536666666666666,104.4,113.0,-8.6,101.04,0,0.3546247818499127,0
Houston Rockets,72,44,28,0.611,2936,6512,0.451,1126,3261,0.345,1484,1876,0.791,3188,1557,1057.0,627,371,8482,213.0,2019-20,1235.0,105.66666666666669,63.0,0.427,112.5,109.8,2.7,104.04,1,0.5007678132678133,0
Indiana Pacers,73,45,28,0.616,3075,6457,0.476,743,2046,0.363,1096,1393,0.787,3125,1888,967.0,543,376,7989,143.0,2019-20,1074.0,57.0,65.33333333333333,0.511,109.5,107.5,1.9,99.41,1,0.3168654173764906,0
LA Clippers,72,49,23,0.681,2992,6425,0.466,895,2410,0.371,1498,1894,0.791,3431,1708,1051.0,511,338,8377,464.0,2019-20,1253.6666666666667,64.33333333333333,25.0,0.442,113.3,106.9,6.3,102.16,1,0.3750972762645914,0
Los Angeles Lakers,71,52,19,0.732,3006,6269,0.48,782,2242,0.349,1260,1728,0.729,3247,1803,1077.0,612,468,8054,411.0,2019-20,1320.3333333333333,75.33333333333333,64.33333333333333,0.4876666666666667,111.7,106.1,5.6,101.2,1,0.3576327962992502,1
Memphis Grizzlies,73,34,39,0.466,3106,6634,0.468,798,2297,0.347,1212,1589,0.763,3397,1965,1113.0,576,398,8222,-78.0,2019-20,1139.3333333333333,50.333333333333336,40.333333333333336,0.4896666666666666,108.7,109.7,-1.0,103.31,0,0.3462466083810672,0
Miami Heat,73,44,29,0.603,2880,6160,0.468,979,2584,0.379,1440,1840,0.783,3239,1892,1088.0,547,332,8179,215.0,2019-20,1051.0,57.666666666666664,42.333333333333336,0.4886666666666666,111.9,109.3,2.7,98.7,1,0.4194805194805194,0
Milwaukee Bucks,73,56,17,0.767,3160,6638,0.476,1007,2840,0.355,1336,1800,0.742,3774,1889,1102.0,526,429,8663,736.0,2019-20,1322.3333333333333,53.333333333333336,78.66666666666667,0.495,111.9,102.5,9.4,105.51,1,0.4278397107562519,0
Minnesota Timberwolves,64,19,45,0.297,2586,5865,0.441,853,2540,0.336,1223,1624,0.753,2868,1525,981.0,555,362,7248,-275.0,2019-20,717.3333333333334,57.666666666666664,25.666666666666668,0.419,107.6,111.6,-4.0,103.94,0,0.43307757885763,0
New Orleans Pelicans,72,30,42,0.417,3065,6598,0.465,982,2656,0.37,1229,1687,0.729,3348,1932,1181.0,539,358,8341,-93.0,2019-20,1129.6666666666667,82.66666666666667,41.333333333333336,0.4403333333333334,110.5,111.8,-1.3,103.89,0,0.40254622612913,0
New York Knicks,66,21,45,0.318,2638,5896,0.447,631,1872,0.337,1076,1550,0.694,3069,1456,946.0,504,313,6983,-426.0,2019-20,802.6666666666666,54.666666666666664,24.0,0.4546666666666667,105.9,112.4,-6.5,99.11,0,0.3175033921302578,0
Oklahoma City Thunder,72,44,28,0.611,2879,6156,0.468,770,2171,0.355,1422,1787,0.796,3088,1562,986.0,550,353,7950,143.0,2019-20,1264.0,78.33333333333333,24.0,0.4763333333333333,110.1,108.1,2.1,99.42,1,0.3526640675763483,0
Orlando Magic,73,33,40,0.452,2871,6468,0.444,807,2354,0.343,1282,1656,0.774,3249,1747,937.0,599,396,7831,-74.0,2019-20,1110.0,58.666666666666664,33.666666666666664,0.4603333333333333,107.9,109.2,-1.3,98.99,1,0.3639455782312925,0
Philadelphia 76ers,73,43,30,0.589,3000,6417,0.468,848,2307,0.368,1236,1638,0.755,3317,1884,1037.0,586,389,8084,174.0,2019-20,1048.6666666666667,74.66666666666667,44.666666666666664,0.5003333333333333,110.7,108.4,2.3,99.59,1,0.3595137914913511,0
Phoenix Suns,73,34,39,0.466,3006,6429,0.468,831,2320,0.358,1451,1740,0.834,3177,1987,1077.0,559,290,8294,16.0,2019-20,1125.6666666666667,81.66666666666667,25.0,0.4713333333333333,111.3,110.8,0.5,101.74,0,0.3608648312334733,0
Portland Trail Blazers,74,35,39,0.473,3122,6749,0.463,952,2525,0.377,1312,1632,0.804,3353,1525,946.0,465,451,8508,-85.0,2019-20,1524.6666666666667,50.0,86.66666666666667,0.5116666666666667,113.2,114.3,-1.1,101.17,1,0.3741295006667654,0
Sacramento Kings,72,31,41,0.431,2943,6364,0.462,914,2511,0.364,1127,1464,0.77,3067,1713,1043.0,556,293,7927,-147.0,2019-20,1086.3333333333333,57.0,23.0,0.4566666666666667,109.5,111.4,-1.9,99.6,0,0.3945631678189817,0
San Antonio Spurs,71,32,39,0.451,2995,6350,0.472,760,2021,0.376,1348,1664,0.81,3170,1751,895.0,518,390,8098,-79.0,2019-20,1075.0,72.33333333333333,41.333333333333336,0.4953333333333333,111.7,112.6,-0.9,101.14,0,0.318267716535433,0
Toronto Raptors,72,53,19,0.736,2897,6331,0.458,995,2663,0.374,1329,1670,0.796,3268,1816,1067.0,636,358,8118,449.0,2019-20,1076.6666666666667,79.66666666666667,41.333333333333336,0.458,110.8,104.7,6.1,101.19,1,0.4206286526615069,0
Utah Jazz,72,44,28,0.611,2886,6130,0.471,963,2537,0.38,1278,1641,0.779,3233,1615,1089.0,438,292,8013,178.0,2019-20,1129.3333333333333,62.0,53.333333333333336,0.529,111.8,109.3,2.5,99.15,1,0.4138662316476346,0
Washington Wizards,72,25,47,0.347,2990,6544,0.457,864,2345,0.368,1394,1770,0.788,3027,1801,1020.0,574,309,8238,-336.0,2019-20,1065.6666666666667,71.66666666666667,20.0,0.447,110.2,114.7,-4.5,103.38,0,0.358343520782396,0
Atlanta Hawks,72,41,31,0.569,2937,6281,0.468,895,2402,0.373,1417,1745,0.812,3285,1737,953.0,503,342,8186,167.0,2020-21,1124.0,59.666666666666664,53.0,0.488,114.3,112.1,2.2,98.68,1,0.3824231810221302,0
Boston Celtics,72,36,36,0.5,2985,6401,0.466,979,2618,0.374,1160,1496,0.775,3186,1689,1012.0,556,383,8109,105.0,2020-21,1249.6666666666667,73.0,28.666666666666668,0.447,113.1,111.8,1.2,98.94,1,0.4089985939696922,0
Brooklyn Nets,72,48,24,0.667,3106,6289,0.494,1020,2600,0.392,1305,1623,0.804,3199,1929,975.0,484,379,8537,324.0,2020-21,1058.3333333333333,52.666666666666664,26.0,0.501,117.3,113.1,4.2,100.27,1,0.413420257592622,0
Charlotte Hornets,72,33,39,0.458,2875,6324,0.455,985,2666,0.369,1146,1505,0.761,3151,1933,1069.0,565,344,7881,-139.0,2020-21,1023.6666666666666,66.66666666666667,52.333333333333336,0.4643333333333333,110.1,112.0,-1.9,99.0,0,0.4215686274509804,0
Chicago Bulls,72,31,41,0.431,3035,6380,0.476,904,2446,0.37,995,1258,0.791,3237,1927,1089.0,482,304,7969,-64.0,2020-21,1423.6666666666667,49.666666666666664,30.0,0.4666666666666666,110.4,111.5,-1.1,99.58,0,0.3833855799373041,0
Cleveland Cavaliers,72,22,50,0.306,2778,6175,0.45,720,2141,0.336,1200,1614,0.743,3078,1716,1114.0,559,325,7476,-608.0,2020-21,970.6666666666666,52.0,41.333333333333336,0.5043333333333333,105.2,113.5,-8.3,97.96,0,0.3467206477732794,0
Dallas Mavericks,72,42,30,0.583,2958,6287,0.47,994,2744,0.362,1186,1524,0.778,3120,1647,869.0,450,311,8096,163.0,2020-21,1194.3333333333333,49.0,24.0,0.4659999999999999,114.6,112.3,2.3,97.94,1,0.4364561794178463,0
Denver Nuggets,72,47,25,0.653,3114,6422,0.485,927,2462,0.377,1129,1406,0.803,3200,1933,972.0,582,323,8284,355.0,2020-21,1257.0,61.666666666666664,41.666666666666664,0.5113333333333333,116.3,111.5,4.8,97.74,1,0.3833696667704765,0
Detroit Pistons,72,20,52,0.278,2783,6162,0.452,832,2370,0.351,1278,1683,0.759,3075,1743,1075.0,531,371,7676,-322.0,2020-21,963.3333333333334,46.666666666666664,39.666666666666664,0.4173333333333333,107.6,112.2,-4.5,98.19,0,0.3846153846153846,0
Golden State Warriors,72,39,33,0.542,2973,6347,0.468,1048,2789,0.376,1193,1520,0.785,3098,1991,1080.0,587,342,8187,76.0,2020-21,1259.6666666666667,83.0,43.333333333333336,0.4686666666666666,110.5,109.4,1.1,102.81,0,0.4394201985189853,0
Houston Rockets,72,17,55,0.236,2826,6372,0.444,992,2923,0.339,1189,1606,0.74,3067,1699,1060.0,546,361,7833,-569.0,2020-21,866.3333333333334,66.0,42.0,0.5013333333333333,107.0,114.4,-7.4,101.69,0,0.4587256748273697,0
Indiana Pacers,72,34,38,0.472,3115,6567,0.474,889,2445,0.364,1183,1493,0.792,3072,1973,975.0,611,460,8302,-3.0,2020-21,1067.3333333333333,66.33333333333333,29.666666666666668,0.467,111.9,111.9,0.1,102.05,0,0.3723161260849703,0
LA Clippers,72,47,25,0.653,3009,6242,0.482,1027,2498,0.411,1164,1387,0.839,3179,1756,949.0,509,295,8209,445.0,2020-21,1030.3333333333333,70.66666666666667,27.333333333333332,0.481,116.7,110.6,6.1,97.63,1,0.4001922460749759,0
Los Angeles Lakers,72,42,30,0.583,2925,6197,0.472,796,2248,0.354,1241,1679,0.739,3185,1775,1095.0,562,386,7887,201.0,2020-21,822.6666666666666,55.666666666666664,26.666666666666668,0.437,109.8,106.8,2.9,98.85,1,0.3627561723414555,0
Memphis Grizzlies,72,38,34,0.528,3085,6608,0.467,803,2258,0.356,1184,1536,0.771,3346,1938,957.0,655,364,8157,74.0,2020-21,1069.6666666666667,73.0,32.0,0.4453333333333333,111.7,110.5,1.2,100.77,1,0.3417070217917675,0
Miami Heat,72,40,32,0.556,2824,6029,0.468,932,2606,0.358,1201,1520,0.79,2988,1895,1013.0,569,286,7781,2.0,2020-21,1085.0,75.33333333333333,34.666666666666664,0.502,110.6,110.7,-0.1,97.09,1,0.432244153259247,0
Milwaukee Bucks,72,46,26,0.639,3221,6610,0.487,1038,2669,0.389,1169,1539,0.76,3465,1834,995.0,585,334,8649,424.0,2020-21,1382.6666666666667,80.66666666666667,39.666666666666664,0.516,116.5,110.7,5.8,102.85,1,0.4037821482602118,1
Minnesota Timberwolves,72,23,49,0.319,2932,6546,0.448,944,2706,0.349,1265,1662,0.761,3133,1846,1027.0,632,398,8073,-400.0,2020-21,1071.0,73.0,32.333333333333336,0.4303333333333333,109.3,114.5,-5.3,101.96,0,0.4133822181484876,0
New Orleans Pelicans,72,31,41,0.431,3060,6412,0.477,762,2190,0.348,1369,1878,0.729,3413,1872,1052.0,545,315,8251,-21.0,2020-21,1322.0,51.333333333333336,33.0,0.4993333333333333,113.0,113.3,-0.3,100.54,0,0.3415470991890206,0
New York Knicks,72,41,31,0.569,2839,6225,0.456,847,2163,0.392,1181,1506,0.784,3250,1541,932.0,507,365,7706,166.0,2020-21,1228.3333333333333,56.333333333333336,16.333333333333332,0.4463333333333333,110.2,107.8,2.4,96.32,1,0.3474698795180723,0
Oklahoma City Thunder,72,22,50,0.306,2795,6338,0.441,857,2529,0.339,1113,1536,0.725,3283,1588,1162.0,504,316,7560,-766.0,2020-21,713.6666666666666,43.333333333333336,18.333333333333332,0.3836666666666666,102.8,113.4,-10.6,101.61,0,0.3990217734301041,0
Orlando Magic,72,21,51,0.292,2754,6423,0.429,784,2288,0.343,1196,1543,0.775,3272,1571,924.0,496,318,7488,-670.0,2020-21,703.6666666666666,42.333333333333336,22.666666666666668,0.439,104.6,113.9,-9.3,99.17,0,0.3562198349680834,0
Philadelphia 76ers,72,49,23,0.681,2981,6257,0.476,811,2169,0.374,1409,1836,0.767,3244,1706,1040.0,655,447,8182,402.0,2020-21,897.6666666666666,80.0,47.333333333333336,0.4936666666666667,112.5,107.0,5.5,100.12,1,0.3466517500399552,0
Phoenix Suns,72,51,21,0.708,3118,6357,0.49,940,2490,0.378,1124,1347,0.834,3092,1939,902.0,517,312,8300,419.0,2020-21,1277.0,76.0,32.666666666666664,0.5086666666666667,116.3,110.4,5.9,98.0,1,0.3916941953751769,0
Portland Trail Blazers,72,42,30,0.583,2973,6558,0.453,1132,2939,0.385,1282,1558,0.823,3207,1531,799.0,496,363,8360,129.0,2020-21,1268.0,81.66666666666667,39.666666666666664,0.443,117.1,115.3,1.8,98.97,1,0.4481549252820982,0
Sacramento Kings,72,31,41,0.431,3067,6382,0.481,874,2400,0.364,1181,1585,0.745,2981,1836,963.0,543,358,8189,-265.0,2020-21,1190.0,64.33333333333333,22.666666666666668,0.4599999999999999,112.7,116.5,-3.8,100.71,0,0.3760576621748668,0
San Antonio Spurs,72,33,39,0.458,3014,6518,0.462,716,2046,0.35,1254,1584,0.792,3158,1759,821.0,505,366,7998,-125.0,2020-21,1082.6666666666667,65.66666666666667,15.333333333333334,0.4756666666666667,110.5,112.0,-1.5,99.45,0,0.313899969315741,0
Toronto Raptors,72,27,45,0.375,2859,6383,0.448,1041,2831,0.368,1252,1536,0.815,2994,1735,952.0,618,388,8011,-34.0,2020-21,1034.3333333333333,69.0,28.0,0.4173333333333333,111.6,112.0,-0.4,99.57,0,0.4435218549271502,0
Utah Jazz,72,52,20,0.722,2971,6344,0.468,1205,3098,0.389,1235,1546,0.799,3474,1703,1023.0,474,371,8382,666.0,2020-21,912.0,47.333333333333336,75.33333333333333,0.5193333333333333,116.5,107.5,9.0,99.37,1,0.4883354350567465,0
Washington Wizards,72,34,38,0.472,3108,6547,0.475,733,2088,0.351,1449,1884,0.769,3254,1835,1036.0,528,297,8398,-132.0,2020-21,1370.6666666666667,67.33333333333333,17.333333333333332,0.4673333333333333,110.7,112.3,-1.6,104.67,1,0.3189246983351153,0
Atlanta Hawks,82,43,39,0.524,3401,7241,0.47,1056,2821,0.374,1485,1829,0.812,3606,2017,972.0,587,348,9343,128.0,2021-22,1289.0,60.666666666666664,42.0,0.509,115.4,113.7,1.6,98.67,1,0.3895870736086176,0
Boston Celtics,82,51,31,0.622,3341,7167,0.466,1085,3044,0.356,1397,1713,0.816,3778,2036,1118.0,591,478,9164,597.0,2021-22,1488.6666666666667,88.0,28.333333333333332,0.4479999999999999,113.6,106.2,7.4,97.26,1,0.4247244314217943,0
Brooklyn Nets,82,44,38,0.537,3442,7251,0.475,940,2602,0.361,1434,1781,0.805,3640,2071,1153.0,582,448,9258,64.0,2021-22,1175.3333333333333,50.666666666666664,27.666666666666668,0.471,113.2,112.3,0.9,99.4,1,0.3588470555785409,0
Charlotte Hornets,82,43,39,0.524,3508,7497,0.468,1143,3130,0.365,1298,1753,0.74,3655,2302,1087.0,707,402,9457,36.0,2021-22,1509.6666666666667,95.33333333333331,40.666666666666664,0.4546666666666666,113.6,113.1,0.5,100.52,0,0.41750033346672,0
Chicago Bulls,82,46,36,0.561,3422,7127,0.48,872,2364,0.369,1436,1766,0.813,3471,1958,1053.0,585,336,9152,-32.0,2021-22,1680.3333333333333,59.666666666666664,39.333333333333336,0.4843333333333333,112.7,113.2,-0.5,98.76,1,0.3316963659323698,0
Cleveland Cavaliers,82,44,38,0.537,3255,6940,0.469,953,2686,0.355,1376,1810,0.76,3623,2064,1181.0,580,343,8839,174.0,2021-22,1031.6666666666667,67.0,48.0,0.4833333333333333,111.0,108.9,2.1,96.83,0,0.3870317002881844,0
Dallas Mavericks,82,52,30,0.634,3222,6982,0.461,1073,3063,0.35,1341,1739,0.771,3528,1918,1025.0,552,325,8858,271.0,2021-22,1337.3333333333333,76.33333333333333,26.0,0.4766666666666666,112.5,109.1,3.5,95.64,1,0.4386995130335147,0
Denver Nuggets,82,48,34,0.585,3416,7079,0.483,1039,2944,0.353,1372,1725,0.795,3617,2279,1189.0,592,305,9243,189.0,2021-22,1391.0,69.33333333333333,46.0,0.5136666666666666,113.8,111.5,2.3,98.41,1,0.4158779488628337,0
Detroit Pistons,82,23,59,0.28,3129,7267,0.431,925,2838,0.326,1413,1806,0.782,3525,1924,1163.0,630,393,8596,-633.0,2021-22,1008.0,57.666666666666664,45.666666666666664,0.4406666666666667,105.6,113.3,-7.7,98.81,0,0.3905325443786982,0
Golden State Warriors,82,53,29,0.646,3323,7087,0.469,1176,3231,0.364,1280,1665,0.769,3730,2223,1221.0,719,372,9102,454.0,2021-22,1430.3333333333333,73.66666666666667,32.333333333333336,0.4503333333333333,112.1,106.6,5.5,98.74,1,0.4559051784958374,1
Houston Rockets,82,20,62,0.244,3229,7083,0.456,1105,3170,0.349,1434,2010,0.713,3446,1932,1351.0,600,382,8997,-695.0,2021-22,1098.0,56.666666666666664,41.333333333333336,0.4749999999999999,108.1,116.4,-8.3,101.16,0,0.4475504729634336,0
Indiana Pacers,82,25,57,0.305,3398,7338,0.463,997,2899,0.344,1347,1754,0.768,3596,2081,1183.0,582,457,9140,-285.0,2021-22,1019.6666666666666,83.66666666666667,34.333333333333336,0.43,111.9,115.5,-3.6,98.55,0,0.3950667756881984,0
LA Clippers,82,42,40,0.512,3285,7170,0.458,1047,2802,0.374,1273,1606,0.793,3607,1969,1126.0,608,406,8890,2.0,2021-22,913.0,71.0,42.333333333333336,0.432,109.5,109.5,0.0,98.51,0,0.3907949790794979,0
Los Angeles Lakers,82,33,49,0.402,3415,7279,0.469,982,2826,0.347,1380,1884,0.732,3608,1968,1191.0,626,425,9192,-250.0,2021-22,1394.6666666666667,69.66666666666667,36.0,0.4803333333333333,110.0,112.8,-2.9,100.47,0,0.3882401428767688,0
Memphis Grizzlies,82,56,26,0.683,3571,7739,0.461,945,2679,0.353,1393,1898,0.734,4032,2131,1082.0,800,533,9480,466.0,2021-22,1061.3333333333333,76.66666666666667,88.66666666666667,0.4743333333333333,114.3,108.9,5.3,100.52,1,0.3461687556531851,0
Miami Heat,82,53,29,0.646,3246,6954,0.467,1114,2936,0.379,1416,1753,0.808,3585,2090,1194.0,606,265,9022,365.0,2021-22,1024.6666666666667,51.0,13.0,0.4286666666666667,113.0,108.4,4.5,96.53,1,0.4222030486051193,0
Milwaukee Bucks,82,51,31,0.622,3429,7331,0.468,1153,3151,0.366,1459,1881,0.776,3830,1960,1100.0,623,326,9470,275.0,2021-22,1517.3333333333333,85.33333333333333,46.0,0.499,114.3,111.1,3.2,100.59,1,0.4298185786386577,0
Minnesota Timberwolves,82,46,36,0.561,3411,7458,0.457,1211,3386,0.358,1474,1894,0.778,3621,2106,1175.0,721,460,9507,216.0,2021-22,1509.0,79.66666666666667,50.333333333333336,0.4603333333333333,113.8,111.0,2.7,101.47,1,0.4540091177259319,0
New Orleans Pelicans,82,36,46,0.439,3294,7212,0.457,873,2629,0.332,1501,1903,0.789,3707,2047,1153.0,680,328,8962,-81.0,2021-22,986.0,80.66666666666667,44.0,0.461,111.2,112.0,-0.8,98.02,1,0.3645313366611203,0
New York Knicks,82,37,45,0.451,3088,7069,0.437,1082,3029,0.357,1473,1980,0.744,3782,1793,1087.0,570,399,8731,-10.0,2021-22,1324.6666666666667,58.333333333333336,25.0,0.412,109.7,110.2,-0.4,96.42,0,0.4284905927288159,0
Oklahoma City Thunder,82,24,58,0.293,3141,7310,0.43,991,3066,0.323,1233,1632,0.756,3741,1822,1145.0,622,380,8506,-664.0,2021-22,930.0,60.0,45.333333333333336,0.4313333333333333,103.8,111.7,-8.0,99.39,0,0.4194254445964432,0
Orlando Magic,82,22,60,0.268,3139,7240,0.434,999,3022,0.331,1270,1614,0.787,3631,1947,1188.0,555,367,8547,-656.0,2021-22,1063.3333333333333,50.0,31.333333333333332,0.4613333333333334,103.9,112.1,-8.1,99.71,0,0.417403314917127,0
Philadelphia 76ers,82,51,31,0.622,3230,6932,0.466,950,2608,0.364,1605,1955,0.821,3470,1945,1027.0,633,435,9015,214.0,2021-22,1333.3333333333333,61.333333333333336,37.0,0.459,113.0,110.2,2.8,96.71,1,0.3762261973456434,0
Phoenix Suns,82,64,18,0.78,3581,7389,0.485,951,2616,0.364,1303,1635,0.797,3714,2244,1060.0,702,359,9416,615.0,2021-22,1314.0,98.0,27.333333333333332,0.4976666666666667,114.2,106.8,7.5,100.26,1,0.3540397888753552,0
Portland Trail Blazers,82,27,55,0.329,3161,7144,0.442,1043,3017,0.346,1346,1771,0.76,3515,1880,1187.0,657,366,8711,-728.0,2021-22,879.0,51.0,17.666666666666668,0.494,107.3,116.3,-9.1,98.74,0,0.4223124300111982,0
Sacramento Kings,82,30,52,0.366,3321,7223,0.46,937,2722,0.344,1466,1908,0.768,3521,1943,1156.0,588,369,9045,-448.0,2021-22,1267.6666666666667,60.0,22.0,0.505,109.6,114.8,-5.2,100.1,0,0.3768517236605289,0
San Antonio Spurs,82,34,48,0.415,3546,7601,0.467,925,2626,0.352,1262,1673,0.754,3716,2289,1043.0,626,403,9279,10.0,2021-22,1210.3333333333333,80.33333333333333,51.666666666666664,0.5153333333333333,111.9,111.7,0.2,100.51,0,0.3454808577818708,0
Toronto Raptors,82,48,34,0.585,3332,7489,0.445,979,2808,0.349,1327,1749,0.759,3717,1809,1021.0,738,376,8970,188.0,2021-22,1335.0,92.0,44.0,0.463,112.1,109.9,2.2,96.63,1,0.3749499265589531,0
Utah Jazz,82,49,33,0.598,3327,7067,0.471,1192,3308,0.36,1470,1916,0.767,3800,1836,1148.0,588,402,9316,495.0,2021-22,1189.6666666666667,83.66666666666667,20.0,0.4413333333333333,116.2,110.0,6.2,97.5,1,0.4680911277769916,0
Washington Wizards,82,35,47,0.427,3327,7056,0.472,860,2512,0.342,1393,1778,0.783,3535,2052,1077.0,522,406,8907,-277.0,2021-22,944.3333333333334,61.333333333333336,42.333333333333336,0.4396666666666666,110.2,113.6,-3.4,97.8,0,0.3560090702947845,0
Atlanta Hawks,82,41,41,0.5,3658,7574,0.483,882,2505,0.352,1513,1850,0.818,3639,2049,1060.0,580,401,9711,24.0,2022-23,1453.3333333333333,78.0,33.666666666666664,0.467,115.5,115.4,0.1,101.56,1,0.3307367309215738,0
Boston Celtics,82,57,25,0.695,3460,7278,0.475,1315,3492,0.377,1436,1769,0.812,3717,2186,1095.0,521,430,9671,535.0,2022-23,1675.3333333333333,69.0,51.0,0.473,117.3,110.6,6.7,99.15,1,0.4798021434460016,0
Brooklyn Nets,82,45,37,0.549,3399,6978,0.487,1048,2771,0.378,1449,1811,0.8,3322,2093,1127.0,585,506,9295,70.0,2022-23,1237.0,74.33333333333333,44.666666666666664,0.4306666666666667,114.6,113.5,1.1,98.77,1,0.3971051877328747,0
Charlotte Hornets,82,27,55,0.329,3385,7413,0.457,881,2669,0.33,1447,1932,0.749,3652,2062,1164.0,634,425,9098,-512.0,2022-23,1068.6666666666667,60.666666666666664,35.666666666666664,0.4446666666666667,108.4,114.7,-6.3,101.47,0,0.3600431674086065,0
Chicago Bulls,82,40,42,0.488,3488,7116,0.49,854,2367,0.361,1446,1788,0.809,3473,2006,1097.0,644,371,9276,106.0,2022-23,1725.3333333333333,70.66666666666667,37.0,0.503,112.8,111.5,1.3,99.18,0,0.3326306913996627,0
Cleveland Cavaliers,82,51,31,0.622,3408,6984,0.488,950,2589,0.367,1439,1844,0.78,3369,2045,1094.0,586,384,9205,441.0,2022-23,1563.0,81.33333333333333,51.666666666666664,0.5,115.5,109.9,5.6,96.27,1,0.3707044673539519,0
Dallas Mavericks,82,38,44,0.463,3283,6909,0.475,1246,3362,0.371,1554,2057,0.755,3181,1880,1002.0,514,304,9366,6.0,2022-23,1440.6666666666667,70.0,30.333333333333332,0.4663333333333333,115.9,116.1,-0.2,97.21,0,0.4866116659429729,0
Denver Nuggets,82,53,29,0.646,3574,7088,0.504,969,2559,0.379,1378,1834,0.751,3527,2368,1192.0,618,368,9495,273.0,2022-23,1145.0,95.33333333333331,44.333333333333336,0.5256666666666666,116.8,113.5,3.3,98.74,1,0.3610327313769751,1
Detroit Pistons,82,17,65,0.207,3244,7140,0.454,934,2659,0.351,1623,2106,0.771,3480,1884,1237.0,574,308,9045,-674.0,2022-23,1087.6666666666667,66.33333333333333,17.666666666666668,0.427,109.9,117.8,-7.9,99.88,0,0.3724089635854342,0
Golden State Warriors,82,44,38,0.537,3538,7393,0.479,1363,3540,0.385,1314,1655,0.794,3657,2446,1336.0,588,324,9753,148.0,2022-23,1267.0,62.0,37.0,0.4643333333333333,115.1,113.4,1.7,102.54,1,0.4788313269308805,0
Houston Rockets,82,22,60,0.268,3329,7287,0.457,856,2619,0.327,1567,2078,0.754,3795,1835,1332.0,600,374,9081,-644.0,2022-23,1244.0,47.666666666666664,40.666666666666664,0.4643333333333332,110.5,118.6,-8.1,99.74,0,0.3594071634417455,0
Indiana Pacers,82,35,47,0.427,3444,7345,0.469,1112,3030,0.367,1535,1944,0.79,3407,2213,1224.0,631,478,9535,-261.0,2022-23,1118.3333333333333,70.0,17.333333333333332,0.4443333333333333,113.8,117.1,-3.3,101.68,0,0.4125255275697753,0
LA Clippers,82,44,38,0.537,3370,7060,0.477,1041,2734,0.381,1533,1962,0.781,3545,1959,1167.0,580,364,9314,41.0,2022-23,944.6666666666666,50.333333333333336,59.333333333333336,0.5833333333333334,114.0,113.6,0.5,98.84,1,0.3872521246458923,0
Los Angeles Lakers,82,43,39,0.524,3516,7298,0.482,885,2558,0.346,1691,2182,0.775,3748,2072,1154.0,526,378,9608,47.0,2022-23,1039.3333333333333,61.666666666666664,16.0,0.4263333333333333,113.9,113.2,0.7,101.92,1,0.3505069882159495,0
Memphis Grizzlies,82,51,31,0.622,3585,7551,0.475,985,2807,0.351,1432,1954,0.733,3823,2135,1116.0,680,473,9587,323.0,2022-23,1155.0,71.33333333333333,12.666666666666666,0.4333333333333333,114.7,110.7,4.0,101.5,1,0.3717388425374122,0
Miami Heat,82,44,38,0.537,3215,6991,0.46,980,2852,0.344,1567,1885,0.831,3329,1955,1106.0,655,243,8977,-26.0,2022-23,1266.3333333333333,60.333333333333336,29.666666666666668,0.463,112.3,112.8,-0.5,96.76,1,0.4079530825346874,0
Milwaukee Bucks,82,58,24,0.707,3504,7411,0.473,1217,3306,0.368,1364,1837,0.743,3988,2115,1199.0,521,403,9589,298.0,2022-23,1496.0,56.0,89.66666666666667,0.521,114.3,110.9,3.4,101.45,1,0.4460936445823775,0
Minnesota Timberwolves,82,42,40,0.512,3515,7167,0.49,997,2731,0.365,1467,1942,0.755,3435,2145,1258.0,657,444,9494,-3.0,2022-23,1279.3333333333333,85.0,76.33333333333333,0.545,113.3,113.1,0.2,101.55,1,0.3810520440909725,0
New Orleans Pelicans,82,42,40,0.512,3447,7180,0.48,899,2468,0.364,1585,2000,0.793,3583,2122,1196.0,681,337,9378,155.0,2022-23,1277.0,59.666666666666664,44.333333333333336,0.4893333333333333,113.8,112.0,1.9,99.58,0,0.3437325905292479,0
New York Knicks,82,47,35,0.573,3444,7328,0.47,1037,2930,0.354,1589,2087,0.761,3821,1880,1065.0,527,340,9514,240.0,2022-23,1370.0,56.0,19.0,0.474,117.0,114.2,2.8,97.75,1,0.3998362445414847,0
Oklahoma City Thunder,82,40,42,0.488,3533,7590,0.465,995,2797,0.356,1572,1944,0.809,3580,2002,1070.0,676,341,9633,89.0,2022-23,1483.6666666666667,90.66666666666669,43.666666666666664,0.5043333333333333,114.2,113.2,1.0,101.94,0,0.3685111989459815,0
Orlando Magic,82,34,48,0.415,3323,7074,0.47,883,2551,0.346,1607,2050,0.784,3546,1906,1236.0,603,382,9136,-210.0,2022-23,1253.0,74.66666666666667,27.333333333333332,0.4753333333333333,111.3,113.7,-2.3,99.66,0,0.360616341532372,0
Philadelphia 76ers,82,54,28,0.659,3347,6870,0.487,1035,2675,0.387,1719,2058,0.835,3356,2063,1121.0,635,389,9448,354.0,2022-23,1349.3333333333333,86.66666666666667,64.33333333333333,0.4913333333333333,117.0,112.7,4.4,97.44,1,0.3893740902474527,0
Phoenix Suns,82,45,37,0.549,3453,7388,0.467,1001,2674,0.374,1412,1781,0.793,3628,2235,1110.0,585,432,9319,170.0,2022-23,870.0,59.333333333333336,45.666666666666664,0.4949999999999999,114.5,112.3,2.2,98.83,1,0.3619382782891175,0
Portland Trail Blazers,82,33,49,0.402,3317,7001,0.474,1056,2893,0.365,1609,2021,0.796,3325,1981,1185.0,553,376,9299,-329.0,2022-23,1487.3333333333333,47.666666666666664,28.333333333333332,0.4616666666666666,114.0,118.0,-4.0,99.25,0,0.4132266819025853,0
Sacramento Kings,82,48,34,0.585,3573,7232,0.494,1128,3060,0.369,1624,2055,0.79,3481,2237,1106.0,574,275,9898,217.0,2022-23,1522.0,68.33333333333333,24.0,0.5333333333333333,118.6,116.0,2.6,100.99,1,0.4231194690265487,0
San Antonio Spurs,82,22,60,0.268,3533,7593,0.465,911,2640,0.345,1292,1739,0.743,3584,2232,1253.0,572,322,9269,-823.0,2022-23,977.6666666666666,56.0,9.0,0.4503333333333333,109.7,119.6,-9.9,102.07,0,0.3476886606084551,0
Toronto Raptors,82,41,41,0.5,3434,7489,0.459,880,2626,0.335,1506,1922,0.784,3528,1961,956.0,772,424,9254,121.0,2022-23,1411.3333333333333,90.33333333333331,45.0,0.443,114.6,113.1,1.5,97.85,0,0.3506476165042061,0
Utah Jazz,82,37,45,0.451,3485,7365,0.473,1094,3099,0.353,1536,1955,0.786,3762,2129,1259.0,500,429,9600,-77.0,2022-23,1269.6666666666667,45.0,29.333333333333332,0.4806666666666666,115.3,116.0,-0.7,101.02,0,0.4207739307535642,0
Washington Wizards,82,35,47,0.427,3456,7127,0.485,925,2601,0.356,1442,1838,0.785,3578,2083,1158.0,561,424,9279,-99.0,2022-23,1227.3333333333333,42.0,46.0,0.481,113.7,114.9,-1.2,99.16,0,0.3649501894205135,0
Atlanta Hawks,82,36,46,0.439,3529,7584,0.465,1125,3092,0.364,1520,1906,0.797,3663,2180,1110.0,615,369,9703,-179.0,2023-24,1316.3333333333333,86.0,20.333333333333332,0.4343333333333333,116.4,118.4,-2.0,100.84,0,0.4077004219409282,0
Boston Celtics,82,64,18,0.78,3601,7396,0.487,1351,3482,0.388,1334,1654,0.807,3799,2207,979.0,557,538,9887,930.0,2023-24,1568.0,77.33333333333333,55.666666666666664,0.477,122.2,110.6,11.7,97.98,1,0.4707950243374797,0
Brooklyn Nets,82,32,50,0.39,3334,7307,0.456,1089,3010,0.362,1293,1711,0.756,3613,2102,1076.0,556,424,9050,-237.0,2023-24,1189.6666666666667,63.333333333333336,64.33333333333333,0.5,112.4,115.4,-2.9,97.56,0,0.4119337621458875,0
Charlotte Hornets,82,21,61,0.256,3281,7133,0.46,989,2788,0.355,1189,1512,0.786,3303,2033,1129.0,562,371,8740,-840.0,2023-24,1170.6666666666667,58.333333333333336,38.0,0.4526666666666667,108.6,119.2,-10.6,97.81,0,0.3908593859526146,0
Chicago Bulls,82,39,43,0.476,3448,7339,0.47,941,2630,0.358,1369,1731,0.791,3593,2048,1004.0,638,394,9206,-118.0,2023-24,1592.0,64.33333333333333,41.0,0.4703333333333333,114.0,115.7,-1.7,96.94,0,0.3583594495162828,0
Cleveland Cavaliers,82,48,34,0.585,3425,7147,0.479,1108,3016,0.367,1278,1671,0.765,3549,2299,1112.0,605,380,9236,198.0,2023-24,1025.3333333333333,64.33333333333333,48.0,0.4909999999999999,114.7,112.1,2.5,97.62,1,0.4219952427591996,0
Dallas Mavericks,82,50,32,0.61,3535,7352,0.481,1197,3242,0.369,1397,1842,0.758,3521,2106,1027.0,563,406,9664,181.0,2023-24,1482.6666666666667,71.0,34.333333333333336,0.4416666666666666,117.0,114.9,2.1,100.6,1,0.4409684439608269,0
Denver Nuggets,82,57,25,0.695,3610,7279,0.496,958,2560,0.374,1240,1628,0.762,3643,2415,1036.0,585,456,9418,431.0,2023-24,1402.3333333333333,82.66666666666667,54.333333333333336,0.509,117.8,112.3,5.5,97.43,1,0.3516966616293447,0
Detroit Pistons,82,14,68,0.171,3353,7236,0.463,906,2602,0.348,1398,1780,0.785,3553,2088,1248.0,531,384,9010,-747.0,2023-24,1143.6666666666667,48.666666666666664,36.666666666666664,0.4989999999999999,109.0,118.0,-9.0,100.45,0,0.3595909342177998,0
Golden State Warriors,82,46,36,0.561,3582,7515,0.477,1211,3191,0.38,1282,1644,0.78,3830,2402,1174.0,572,377,9657,214.0,2023-24,1337.6666666666667,55.0,25.666666666666668,0.4453333333333333,116.9,114.5,2.4,99.91,0,0.4246174318030605,0
Houston Rockets,82,41,41,0.5,3425,7459,0.459,1043,2964,0.352,1482,1916,0.773,3727,2035,1045.0,639,375,9375,92.0,2023-24,1308.0,73.0,49.333333333333336,0.431,113.7,112.8,0.9,99.59,0,0.397372301917147,0
Indiana Pacers,82,47,35,0.573,3855,7599,0.507,1082,2891,0.374,1318,1685,0.782,3405,2522,1059.0,631,481,10110,250.0,2023-24,1479.6666666666667,61.666666666666664,72.33333333333333,0.5123333333333333,120.5,117.6,2.9,102.16,1,0.3804447953678115,0
LA Clippers,82,51,31,0.622,3473,7108,0.489,1036,2719,0.381,1499,1817,0.825,3523,2097,1078.0,640,413,9481,269.0,2023-24,1492.0,100.33333333333331,51.0,0.4746666666666666,117.9,114.6,3.4,97.93,1,0.3825267304445695,0
Los Angeles Lakers,82,47,35,0.573,3580,7177,0.499,969,2572,0.377,1550,1983,0.782,3535,2340,1146.0,605,453,9679,49.0,2023-24,1666.0,82.0,80.33333333333333,0.5273333333333333,115.4,114.8,0.6,101.38,1,0.3583670057126933,0
Memphis Grizzlies,82,27,55,0.329,3145,7229,0.435,1071,3097,0.346,1316,1722,0.764,3494,2025,1236.0,673,501,8677,-574.0,2023-24,1045.6666666666667,55.333333333333336,60.666666666666664,0.4476666666666666,106.8,113.7,-6.9,98.68,0,0.4284133351777562,0
Miami Heat,82,46,36,0.561,3266,7022,0.465,1022,2765,0.37,1478,1806,0.818,3468,2116,1038.0,617,280,9032,144.0,2023-24,1167.3333333333333,79.0,34.333333333333336,0.503,113.3,111.5,1.8,96.88,1,0.3937624608373682,0
Milwaukee Bucks,82,49,33,0.598,3538,7258,0.487,1163,3122,0.373,1517,1960,0.774,3622,2176,1059.0,558,413,9756,215.0,2023-24,1662.3333333333333,67.33333333333333,95.33333333333331,0.5066666666666667,117.6,115.0,2.6,100.51,1,0.4301460457426288,0
Minnesota Timberwolves,82,56,26,0.683,3383,6974,0.485,1037,2681,0.387,1461,1881,0.777,3577,2184,1162.0,647,497,9264,529.0,2023-24,1326.3333333333333,80.33333333333333,73.66666666666667,0.5263333333333334,114.6,108.4,6.3,97.79,1,0.3844278749641526,0
New Orleans Pelicans,82,49,33,0.598,3484,7165,0.486,1023,2673,0.383,1445,1873,0.771,3605,2210,1067.0,684,378,9436,362.0,2023-24,1253.3333333333333,81.0,50.0,0.509,116.5,111.9,4.6,98.7,1,0.3730635031402651,0
New York Knicks,82,50,32,0.61,3385,7272,0.465,1083,2936,0.369,1396,1789,0.78,3704,1998,1085.0,612,336,9249,376.0,2023-24,1410.6666666666667,84.0,24.0,0.4519999999999999,117.3,112.4,4.9,95.96,1,0.4037403740374037,0
Oklahoma City Thunder,82,57,25,0.695,3653,7324,0.499,1090,2805,0.389,1451,1759,0.825,3447,2223,1039.0,694,538,9847,608.0,2023-24,1490.3333333333333,91.33333333333331,101.33333333333331,0.501,118.3,111.0,7.3,100.85,1,0.3829874385581649,0
Orlando Magic,82,47,35,0.573,3318,6964,0.476,903,2568,0.352,1519,2002,0.759,3469,2023,1206.0,669,423,9058,166.0,2023-24,1389.3333333333333,84.33333333333333,40.666666666666664,0.4693333333333333,112.9,110.8,2.2,97.37,1,0.3687535898908673,0
Philadelphia 76ers,82,47,35,0.573,3404,7331,0.464,992,2733,0.363,1597,1934,0.826,3522,2041,984.0,694,492,9397,250.0,2023-24,1344.3333333333333,69.66666666666667,40.333333333333336,0.4576666666666666,116.2,113.0,3.1,98.17,1,0.3728004365025235,0
Phoenix Suns,82,49,33,0.598,3482,7063,0.493,1020,2671,0.382,1548,1915,0.808,3614,2218,1221.0,610,492,9532,251.0,2023-24,1629.0,66.33333333333333,54.666666666666664,0.5046666666666667,116.8,113.7,3.1,99.0,1,0.3781679173155883,0
Portland Trail Blazers,82,21,61,0.256,3227,7356,0.439,939,2723,0.345,1329,1680,0.791,3505,1894,1249.0,627,354,8722,-740.0,2023-24,973.3333333333334,49.666666666666664,29.666666666666668,0.4686666666666667,107.6,116.6,-9.0,97.88,0,0.3701740076128331,0
Sacramento Kings,82,46,36,0.561,3553,7455,0.477,1178,3219,0.366,1274,1710,0.745,3607,2324,1078.0,625,342,9558,143.0,2023-24,1577.0,101.0,46.0,0.5043333333333333,116.2,114.4,1.8,99.46,0,0.4317907444668008,0
San Antonio Spurs,82,22,60,0.268,3438,7436,0.462,1036,2983,0.347,1280,1637,0.782,3627,2449,1242.0,584,520,9192,-532.0,2023-24,985.0,71.0,24.0,0.4716666666666667,109.3,115.6,-6.4,101.8,0,0.4011565357719204,0
Toronto Raptors,82,25,57,0.305,3466,7356,0.471,942,2712,0.347,1339,1772,0.756,3498,2335,1147.0,634,388,9213,-528.0,2023-24,1107.0,67.33333333333333,36.0,0.445,111.8,118.1,-6.3,99.91,0,0.3686786296900489,0
Utah Jazz,82,31,51,0.378,3443,7371,0.467,1060,2993,0.354,1538,1853,0.83,3727,2232,1285.0,537,458,9484,-401.0,2023-24,1153.0,46.0,28.666666666666668,0.47,114.5,119.6,-5.1,100.26,0,0.4060507393840727,0
Washington Wizards,82,15,67,0.183,3523,7493,0.47,1015,2915,0.348,1266,1657,0.764,3368,2290,1147.0,623,415,9327,-762.0,2023-24,1337.0,60.666666666666664,36.666666666666664,0.4606666666666667,110.2,118.9,-8.7,103.07,0,0.3890297611103697,0
